time,area_h1,temp_avg,temp_max,temp_min
0,2680.2083333333,0,0,0
0.00375,2674.0766411148,311.82854819941,413.86273036468,300.00132898153
0.0075,2667.8486771315,317.61091903435,464.81708478691,300.00221388039
0.009375,2664.7027174612,320.61936234534,495.94344268987,300.00260809138
0.01125,2661.5438170664,324.36533581737,541.56428570715,300.00304788897
0.0121875,2659.9611682969,326.58070895813,574.07488378365,300.00329367233
0.013125,2658.3850202028,329.6996891674,673.60001123894,300.00360153127
0.0140625,2656.8570292614,336.64184993203,990.8556204873,300.00413626357
0.015,2655.4405464874,347.1265162997,1234.6082668801,300.00501365191
0.0159375,2654.215555848,361.71836643997,1447.276889167,300.00630387939
0.01640625,2653.6574105268,369.45728206566,1532.2537993064,300.00704425395
0.016875,2653.1775057626,379.61541561727,1632.0739364681,300.00790463085
0.017109375,2652.9621252947,385.64845610548,1687.3490669462,300.0083719456
0.01734375,2652.7858188284,394.45184279608,1766.6763712634,300.00889672167
0.0178125,2653.4244123709,480.64135541199,2501.0290767092,300.01155595814
0.01875,2655.5979018106,535.12268322345,2823.7007726368,300.01878960304
0.020625,2660.498506706,556.03426635931,2928.9387027849,300.02558458143
0.024375,2670.3311596745,560.5394899622,2949.2452121231,300.02808661606
0.031875,2689.9058848886,561.12457352578,2951.236928446,300.02851377221
0.046875,2735.4916035296,561.32247585543,2951.2299704521,300.02861780911
0.076875,2926.1332825072,561.67939785064,2951.485024423,300.02877417768
0.091875,3018.5731826499,561.86552528537,2951.7801508421,300.02885330349
0.121875,3220.5148335696,562.25179051606,2953.6847493804,300.02901420284
0.151875,3408.321778602,562.63938715893,2957.343760243,300.02917727709
0.181875,3582.934560146,563.02165452979,2960.2228122935,300.02934020445
0.211875,3748.2324151401,563.41033760274,2962.9260490298,300.02950610497
0.241875,3923.6593585499,563.80942141162,2965.9489442621,300.02967322153
0.271875,4092.598701305,564.21520841317,2968.2880934517,300.02984246072
0.301875,4243.363396985,564.61839695281,2971.6171975409,300.03001361415
0.331875,4399.3994329105,565.01873625832,2975.6504832758,300.03018445492
0.361875,4538.0030036532,565.41511223936,2978.5114819346,300.0303572375
0.391875,4671.5653355289,565.81206378962,2981.2813877807,300.03053130675
0.421875,4815.0227760435,566.21149951398,2983.8406791839,300.03070497674
0.451875,4946.5780854182,566.60871602512,2985.3141860849,300.03088095517
0.481875,5069.8197703664,567.0035826903,2988.8799832884,300.03105900263
0.511875,5198.8704462897,567.39519055152,2992.1190181354,300.03123614687
0.541875,5321.670357445,567.78412159063,2994.435372003,300.03141476926
0.571875,5438.2686388615,568.17411281566,2996.7829026598,300.03159608317
0.601875,5558.9011636531,568.56438551209,2998.4735645266,300.03177765115
0.631875,5678.8584870559,568.94929513647,3000.1242395599,300.03195880289
0.661875,5787.3712322038,569.32805062665,3003.3288356731,300.03214196754
0.691875,5887.9242797867,569.70156715245,3005.4916204841,300.03232675007
0.721875,5992.9893996921,570.07136017332,3007.3559881481,300.03251056615
0.751875,6099.2515558187,570.43990878871,3009.0518762294,300.03269516171
0.781875,6202.4496137331,570.81071219618,3009.8668331024,300.03288295908
0.811875,6303.2216463001,571.18221258446,3011.8566392997,300.03307320884
0.841875,6407.1517706965,571.54959783946,3014.5625861532,300.03326260093
0.871875,6510.9264138799,571.912889478,3016.4529274277,300.03345211293
0.901875,6606.9760714902,572.27153384113,3018.0760042048,300.03364381174
0.931875,6696.2661752024,572.62506569506,3018.9390003838,300.03383732865
0.961875,6786.8135292836,572.97403660126,3019.0255567207,300.03403042708
1.021875,7007.9557672445,573.68128260298,3024.7690458661,300.03441281883
1.081875,7258.4562281218,574.38678094795,3029.4583282232,300.03478987065
1.111875,7367.3394036274,574.73407040511,3030.5804022014,300.03498369417
1.171875,7586.6460526559,575.41450551388,3035.2677007829,300.03537003051
1.231875,7785.4745135193,576.09033609454,3038.810639932,300.03576904558
1.291875,7999.7095850785,576.76183178669,3040.901267057,300.03616644009
1.351875,8185.3058664122,577.42228656038,3045.4867394195,300.03657796848
1.411875,8379.1419381781,578.06703701315,3048.5483286138,300.03698597602
1.471875,8549.5946121124,578.70093354118,3049.7260603805,300.03740707275
1.531875,8729.8023958436,579.32652057008,3053.8129570844,300.03782731975
1.591875,8897.6247733976,579.9463579455,3055.875009582,300.03825827827
1.651875,9062.7281713714,580.55338774452,3057.6648531675,300.03869218655
1.711875,9220.9674583407,581.14813022885,3060.4551737486,300.03913144208
1.771875,9366.6276401915,581.72994500945,3061.6150957354,300.03957907781
1.831875,9517.1127208356,582.29996332172,3063.7903699387,300.04002641661
1.891875,9653.2725994426,582.86138845069,3065.658370391,300.04048528399
1.951875,9793.7234109564,583.41410054318,3066.0719868464,300.0409455772
2.011875,9930.8530699104,583.96070014121,3068.7556333358,300.04141240988
2.071875,10054.364081088,584.49349229101,3070.0861144066,300.0418880026
2.131875,10186.839258929,585.01839350814,3069.7283899353,300.0423628082
2.191875,10306.014053737,585.53205763788,3072.7058140821,300.04284791604
2.251875,10426.662184485,586.03660838953,3073.6999136577,300.04333641173
2.311875,10546.206453324,586.53155225064,3073.8129607575,300.04382857963
2.371875,10649.251111305,587.01151725993,3075.7299753646,300.0443311395
2.431875,10758.255994745,587.48223596402,3076.326732196,300.04483299262
2.491875,10854.622352097,587.93866291482,3076.8435352345,300.04534216337
2.551875,10947.022215738,588.39086622753,3078.0569530541,300.04586050866
2.611875,11050.408129824,588.84147330843,3078.272444908,300.04637982081
2.671875,11144.238926346,589.2841188158,3079.4976246359,300.04691015585
2.731875,11239.013268816,589.72012281306,3080.5429825078,300.04744475545
2.791875,11325.475016575,590.13870028508,3079.7936170983,300.04798172453
2.851875,11399.96270108,590.54835960155,3081.5883766121,300.04852993843
2.911875,11483.922878483,590.95521630499,3082.2488686689,300.04907973175
2.971875,11565.194427871,591.35437474491,3081.2166827003,300.04963661385
3.031875,11637.422572522,591.74472345607,3083.1865475858,300.05020383669
3.091875,11708.648196815,592.11996964642,3083.4056731947,300.05076950777
3.151875,11772.984873671,592.4891885031,3082.9908910275,300.05134499438
3.211875,11841.589345838,592.86021921499,3084.2391401551,300.05193001255
3.271875,11913.957705,593.22206269616,3084.1562006483,300.05251604265
3.331875,11973.391333841,593.5726722683,3084.4364134748,300.05311301961
3.391875,12028.379979592,593.91228982413,3085.1017831498,300.05371357435
3.451875,12090.048607102,594.25261937858,3084.4113075313,300.05432001049
3.511875,12150.955628268,594.5945027637,3085.4976855544,300.05494038217
3.571875,12211.786194237,594.923800009,3085.9480708551,300.05556111984
3.631875,12263.000126083,595.24087269836,3084.4464094751,300.05618816337
3.691875,12313.027235189,595.56068979761,3086.2482765873,300.05682919802
3.751875,12375.624277529,595.87973807924,3086.4743594446,300.05747125348
3.811875,12432.957791735,596.19260626779,3085.5059273895,300.05812332218
3.871875,12478.153435247,596.4925937776,3086.8879862725,300.05878435016
3.931875,12532.119949537,596.79101163314,3086.7864491975,300.0594469752
3.991875,12588.016870135,597.09411141793,3086.6016526853,300.0601244205
4.051875,12641.849084283,597.38814819692,3087.3793298803,300.06080744326
4.111875,12689.294638088,597.66802306815,3086.941314595,300.06149266876
4.171875,12729.701443819,597.94660408234,3087.4067184517,300.06219312125
4.231875,12780.415882166,598.22513652688,3087.9085452244,300.06289719164
4.291875,12831.425273442,598.49925267532,3086.8134256523,300.06360854704
4.351875,12866.681970203,598.76102509364,3088.0107718918,300.064333095
4.411875,12905.954845686,599.01636541474,3088.168295399,300.06505774331
4.471875,12951.946757413,599.27804296621,3086.6795785772,300.0657949932
4.531875,12989.990761018,599.53132914515,3088.3597241122,300.06654480987
4.591875,13025.288762558,599.77083740043,3088.2300262489,300.06729254556
4.651875,13059.433573986,600.01390020427,3087.4471590888,300.06805570624
4.711875,13096.671237293,600.25485544528,3088.4458646998,300.06882869818
4.771875,13135.35028703,600.48814691851,3088.0888534734,300.06960357258
4.831875,13159.421697811,600.71382952164,3087.9996726071,300.07039404243
4.891875,13191.561741428,600.93895387543,3088.476958549,300.07118994451
4.951875,13229.192775669,601.16396570205,3087.6672945204,300.07199323147
5.011875,13252.49535116,601.37991656237,3088.3553098501,300.0728124878
5.071875,13277.475856954,601.58828525819,3088.5399845387,300.07363235344
5.131875,13310.90983774,601.80283194989,3086.9965051606,300.0744646519
5.191875,13334.824135745,602.01013802755,3088.4897947483,300.07531281837
5.251875,13356.694377848,602.20617681954,3088.4144907826,300.07615875499
5.311875,13382.936845673,602.40819150529,3087.1781453443,300.07702094464
5.371875,13406.666989178,602.60508555492,3088.4267378019,300.0778962083
5.431875,13429.540549519,602.79385720745,3088.1217400558,300.0787711751
5.491875,13446.961830942,602.98243586535,3087.609675271,300.07966471431
5.551875,13469.755008976,603.16810309514,3088.1758569642,300.08056642665
5.611875,13493.338723314,603.3509907071,3087.6215212494,300.08147330245
5.671875,13503.298491821,603.52704474643,3087.8433584562,300.08239889947
5.731875,13522.353359455,603.70052021287,3088.1174359257,300.08332802029
5.791875,13544.09098391,603.87613516548,3086.8840228365,300.0842678484
5.851875,13546.677917119,604.03948167124,3087.8616404352,300.08522504999
5.911875,13558.571756394,604.19980303691,3087.8604758017,300.0861827542
5.971875,13573.8401164,604.36523596881,3086.1798195553,300.08715615733
6.031875,13571.955285101,604.51787553162,3087.6438010846,300.08814492561
6.091875,13582.761106139,604.6705850681,3087.4087916528,300.08913414491
6.151875,13592.966205893,604.82693090589,3086.4972415342,300.09014318552
6.211875,13591.188512049,604.97111245347,3087.2793956705,300.09116246603
6.271875,13602.113462035,605.11816166313,3086.8020457776,300.09218635909
6.331875,13607.669536096,605.2657212632,3086.6418586095,300.09323288562
6.391875,13607.347307635,605.40254499194,3086.9455004192,300.09428364511
6.451875,13617.417990559,605.54394246138,3086.0121691647,300.0953446551
6.511875,13618.912474906,605.68266918831,3086.6211812787,300.0964285464
6.571875,13619.820959963,605.81279580898,3086.6959880112,300.09751281292
6.631875,13628.970556614,605.94869399136,3085.0434094441,300.09861244611
6.691875,13626.528072835,606.07830551158,3086.4367911356,300.09973341563
6.751875,13629.029393122,606.20279867521,3086.2864117997,300.10085318674
6.811875,13636.621961528,606.33293954719,3084.9974671002,300.10199324128
6.871875,13631.337450722,606.45346643892,3086.1091696111,300.10314985217
6.931875,13636.028518974,606.5737373386,3085.7379290231,300.10430771657
6.991875,13640.833694029,606.69746865944,3085.2234222549,300.10549030621
7.051875,13635.437790364,606.81035954936,3085.6570308817,300.10668194329
7.111875,13641.587391455,606.92690427306,3085.0397916154,300.10788146968
7.171875,13642.921073376,607.04363552688,3085.2879412825,300.10910774366
7.231875,13639.120743937,607.15049428289,3085.4715966638,300.11033649873
7.291875,13645.336767396,607.26267776538,3084.1703819875,300.1115796205
7.351875,13643.608788574,607.37221815108,3085.202793406,300.11284907932
7.411875,13641.491179757,607.4738041549,3085.1572695195,300.11411750775
7.471875,13647.151407141,607.58143965978,3083.4859206623,300.11540598519
7.531875,13642.199260696,607.68323701206,3084.9630469642,300.11671810694
7.591875,13642.338943038,607.78062833609,3084.6950172422,300.11802855066
7.651875,13646.615018707,607.88339463023,3083.8232439391,300.11936458828
7.711875,13639.682601055,607.97737275815,3084.5979752077,300.12071701569
7.771875,13642.459157281,608.07183599877,3084.1033751014,300.12207310496
7.831875,13643.953823734,608.16900763817,3084.0005346976,300.12345915618
7.891875,13637.502615638,608.2566371773,3084.3031429461,300.12485262453
7.951875,13641.821643484,608.34817618404,3083.3536803246,300.12625809037
8.011875,13640.182748246,608.43920729187,3084.0229748963,300.12769446446
8.071875,13635.503370103,608.52177008194,3084.0996148526,300.12913186871
8.131875,13640.182020249,608.60982378023,3082.4392045386,300.13058845264
8.191875,13635.280749836,608.6941907907,3083.896827679,300.13207447339
8.251875,13632.804227617,608.77253615765,3083.745190846,300.13355872939
8.311875,13637.020149452,608.85682861094,3082.5039077308,300.13506868464
8.371875,13628.964991958,608.93394177792,3083.6260446641,300.13660286438
8.431875,13629.578115645,609.00934661016,3083.2531935582,300.13813717353
8.491875,13631.898372173,609.08915324902,3082.8005742184,300.13970312865
8.551875,13623.827890416,609.16019567755,3083.2418974026,300.14128383737
8.611875,13626.910264351,609.23323350348,3082.6297602473,300.142872749
8.671875,13625.851183258,609.30763791369,3082.9410750826,300.14449682205
8.731875,13619.755498266,609.37388907085,3083.1464927993,300.14612630477
8.791875,13623.713209106,609.44415323266,3081.8428836961,300.14777299839
8.851875,13618.967731395,609.51249769992,3082.9314224084,300.14945449608
8.911875,13615.108197554,609.57456493462,3082.9082688377,300.15113618844
8.971875,13619.315961081,609.64195792359,3081.2849461898,300.15284287353
9.031875,13610.542910034,609.70356027085,3082.7685751983,300.154581024
9.091875,13609.892141509,609.76251111451,3082.5214115184,300.15631827787
9.151875,13612.99118275,609.82634878533,3081.7061549395,300.15808753496
9.211875,13603.445363558,609.88225775057,3082.4872929595,300.15988036125
9.271875,13605.926065813,609.93883138235,3082.0111917945,300.16167728372
9.331875,13605.898361252,609.99801158044,3081.9684047357,300.16351220921
9.391875,13598.696215613,610.0495860394,3082.2999833622,300.1653598523
9.451875,13602.381319362,610.10367500822,3081.3540128817,300.16722140472
9.511875,13597.940326895,610.15713963954,3082.0730322827,300.16912287464
9.571875,13593.43364833,610.20478241836,3082.1843575931,300.17102846789
9.631875,13597.668243013,610.25649511476,3080.5299382973,300.17295758699
9.691875,13588.727847478,610.30367883319,3082.0277226673,300.17492444588
9.751875,13587.568046536,610.34815854874,3081.9135380447,300.17689214833
9.811875,13591.162044641,610.39697800532,3080.7201186436,300.17889141725
9.871875,13580.625775519,610.43888773772,3081.848416119,300.18092346948
9.931875,13582.825750924,610.48069363921,3081.5066085076,300.18295686069
9.991875,13583.827549508,610.52553874525,3081.103336912,300.18502928657
10.051875,13575.646352624,610.56349482714,3081.5629217104,300.18712425256
10.111875,13579.486648058,610.60277882526,3080.9733690754,300.18922859358
10.171875,13575.694711868,610.64229128372,3081.3269989393,300.1913771407
10.231875,13570.721456318,610.67663586943,3081.5696896951,300.19353677753
10.291875,13575.093169066,610.71367765987,3080.2750510115,300.1957171655
10.351875,13566.27574897,610.74723621584,3081.3951593299,300.19794133119
10.411875,13565.027839208,610.77852045035,3081.41764903,300.20017018081
10.471875,13568.960750898,610.81303246293,3079.8363507141,300.20242922474
10.531875,13558.300915677,610.84183189274,3081.3287215045,300.20472962541
10.591875,13560.401602862,610.87015797559,3081.1216330857,300.20703145079
10.651875,13562.116194567,610.90121284226,3080.3448220865,300.20937214402
10.711875,13553.139375306,610.92625448673,3081.1464776353,300.21174675867
10.771875,13557.218814802,610.95179074488,3080.6982526574,300.21412613178
10.831875,13554.355491536,610.97800955029,3080.6884849882,300.21655227544
10.891875,13548.909461144,610.99971802202,3081.0582855177,300.21899975821
10.951875,13553.5584152,611.02289721598,3080.1248658782,300.22146369925
11.011875,13545.232025911,611.04345890442,3080.8698979523,300.22397727367
11.071875,13544.008776343,611.06226455878,3081.0289205985,300.22650161888
11.131875,13548.141320523,611.08298468161,3079.3793988054,300.2290539359
11.191875,13537.941446957,611.09921573477,3080.9198805617,300.23165551789
11.251875,13540.047056702,611.11489013345,3080.8491036213,300.23426124255
11.311875,13542.195603756,611.13249861148,3079.687409595,300.23690492791
11.371875,13532.83359937,611.14509249927,3080.8389970716,300.23959433309
11.431875,13537.041717762,611.15764998563,3080.5286834974,300.24228553776
11.491875,13535.132456202,611.17094001525,3080.1507061435,300.24502429638
11.551875,13529.116034468,611.18032891027,3080.6436808426,300.24779739698
11.611875,13534.164862704,611.19026289624,3080.0741148376,300.25058122241
11.671875,13526.811157181,611.19829027422,3080.450687245,300.25341967711
11.731875,13525.382574222,611.20490314551,3080.7402504668,300.25627849568
11.791875,13529.729861912,611.21223335392,3079.4509421089,300.25916146708
11.851875,13520.215186904,611.21613267232,3080.6126658935,300.262101598
11.911875,13522.311712703,611.21956518361,3080.6780647296,300.26505079148
11.971875,13524.810563444,611.22394353247,3079.1257609594,300.26803608261
12.031875,13515.683248744,611.22435729577,3080.6421268186,300.27107810268
12.091875,13519.908047977,611.22440400027,3080.4681125526,300.27412220862
12.151875,13518.806145129,611.22488474212,3079.7130429458,300.27516289867
12.211875,13512.213180251,611.22203751275,3080.5440793142,300.27209560891
12.271875,13517.576311732,611.21911230108,3080.1218587074,300.26903302476
12.331875,13511.492109317,611.21478896955,3080.1332563672,300.26605705847
12.391875,13509.612730987,611.20922238531,3080.5490085555,300.26307629898
12.451875,13514.293097382,611.20343380667,3079.6220627285,300.26011963568
12.511875,13505.642981735,611.1950553499,3080.4083927818,300.25724113078
12.571875,13507.635537343,611.18633073468,3080.6087520915,300.25434877032
12.631875,13510.468626211,611.17756042181,3078.9564674406,300.25150168436
12.691875,13501.89334154,611.16577413054,3080.5520882507,300.24870861677
12.751875,13506.072958796,611.15346914139,3080.514531206,300.24590802131
12.811875,13505.695482036,611.14109030889,3079.3758699588,300.24317217981
12.871875,13498.717913153,611.12592354821,3080.5560620719,300.24045931823
12.931875,13504.233394034,611.11029428681,3080.2733679483,300.23775096951
12.991875,13499.45051138,611.09351487423,3079.9173605437,300.2351218774
13.051875,13496.862877395,611.07554227469,3080.4558598666,300.23248531723
13.111875,13502.024885725,611.05674641587,3079.8943116052,300.22987127697
13.171875,13494.464744618,611.03598253129,3080.3116410756,300.22732874698
13.231875,13496.092938982,611.01488821327,3080.6422489968,300.22477057895
13.291875,13499.377096478,610.99292931528,3079.3527407741,300.2222532905
13.351875,13491.421437334,610.9686826897,3080.5689307741,300.21978558549
13.411875,13495.48025334,610.94388797587,3080.6675840166,300.21730912901
13.471875,13495.878777784,610.91845568759,3079.1436230286,300.21489019277
13.531875,13488.920753624,610.89074099241,3080.6855052703,300.21249289556
13.591875,13494.465432167,610.86231627222,3080.540863121,300.21009811211
13.651875,13490.862605348,610.8327383239,3079.8122704931,300.20777469071
13.711875,13487.440174875,610.80195648557,3080.6781652334,300.20544410846
13.771875,13493.067085374,610.77003392307,3080.2771125998,300.20313286096
13.831875,13486.696508202,610.73654178396,3080.3295929281,300.20088785097
13.891875,13487.759544129,610.70265417159,3080.7881004052,300.19862605445
13.951875,13491.658797681,610.66730266712,3079.8638588028,300.19640006157
14.011875,13484.372010232,610.63016867217,3080.7048453291,300.19422094367
14.071875,13488.241972945,610.59249373248,3080.9399637629,300.1920317031
14.131875,13489.470603592,610.55363739659,3079.2857385878,300.18989222995
14.191875,13482.761865617,610.51290806095,3080.9424971453,300.18777535235
14.251875,13488.277659868,610.47133484716,3080.9366417243,300.18565825042
14.311875,13485.800203026,610.42845110347,3079.8323795079,300.18360404337
14.371875,13481.59587241,610.38430425231,3081.0449872218,300.18154553122
14.431875,13487.584337856,610.33888995056,3080.7882175386,300.17950190581
14.491875,13482.354763648,610.29208203916,3080.4765600648,300.17751982086
14.551875,13482.667747472,610.24475287579,3081.0621226865,300.17552097681
14.611875,13487.359215764,610.19561619639,3080.5065911096,300.1735524153
14.671875,13480.840145864,610.14500447652,3080.9793696541,300.17162916624
14.731875,13484.363849382,610.09379728411,3081.3493934307,300.16969426706
14.791875,13486.541071568,610.0409790722,3080.0632292241,300.16780151393
14.851875,13480.122992622,609.98653137502,3081.3433667361,300.16593328057
14.911875,13485.540538492,609.93117402631,3081.4772425304,300.16406213427
14.971875,13484.327876064,609.87434842567,3079.9995468181,300.16224499904
15.031875,13479.59666362,609.81613275639,3081.5684677703,300.16042835014
15.091875,13485.840686659,609.7566025803,3081.4554360885,300.15862149762
15.151875,13481.674431376,609.69568448526,3080.7793624189,300.15687122103
15.211875,13481.072104537,609.63403385248,3081.6827622966,300.15510593945
15.271875,13486.594084466,609.5704615598,3081.3072147634,300.15336492629
15.331875,13480.893260712,609.50555683655,3081.4187495248,300.15166824743
15.391875,13483.937167564,609.43993935609,3081.9234533991,300.14995861711
15.451875,13487.19596171,609.37241882307,3081.0076760541,300.14828387272
15.511875,13481.101648777,609.30335417341,3081.917583618,300.14663581604
15.571875,13486.374774945,609.23332135997,3082.1932492955,300.1449825506
15.631875,13486.608799268,609.16172470247,3080.5465464425,300.14337425208
15.691875,13481.621226262,609.08852734032,3082.2813313186,300.14177224827
15.751875,13488.060839818,609.01398967426,3082.3137617919,300.14017508402
15.811875,13485.003351204,608.93800147896,3081.2750408991,300.13862867348
15.871875,13483.392198517,608.86092688114,3082.5263098713,300.13707111103
15.931875,13489.689516162,608.78199481075,3082.3046289966,300.13553132643
15.991875,13484.765902726,608.70172080973,3082.0602555853,300.13403485382
16.051875,13487.27440059,608.62058952401,3082.7026728667,300.13252493509
16.111875,13491.740611927,608.53739601649,3082.1602937554,300.13104303413
16.171875,13486.007617561,608.45259447476,3082.7082198786,300.12958977456
16.231875,13491.123231904,608.36675181563,3083.1287937432,300.12812945167
16.291875,13492.917470706,608.27929558382,3081.8579953883,300.12670558188
16.351875,13487.788935093,608.18992223115,3083.2253884114,300.125293576
16.411875,13494.388768139,608.09919655763,3083.4066349229,300.12388223872
16.471875,13492.738601193,608.00703621366,3082.0125339606,300.12251477074
16.531875,13490.121258065,607.91320875059,3083.6167438759,300.12114183871
16.591875,13497.125520392,607.81770550047,3083.5506774349,300.11978022437
16.651875,13492.992203197,607.72075621298,3082.9566382525,300.11846015872
16.711875,13494.841857478,607.62269569314,3083.9072173664,300.11712757566
16.771875,13500.603206582,607.52259159558,3083.5745905215,300.11581641398
16.831875,13495.232085324,607.42065521645,3083.7705477817,300.11453543134
16.891875,13500.169273625,607.31759155945,3084.3396929914,300.11324595576
16.951875,13503.605162708,607.21292215509,3083.4476124938,300.1119853522
17.011875,13498.40063039,607.10589702143,3084.4581348465,300.11074121363
17.071875,13505.097880273,606.99748359415,3084.7923993416,300.1094946791
17.131875,13505.337415092,606.88785346161,3083.1672497642,300.10828416564
17.191875,13501.884664448,606.77572031594,3085.0195068076,300.10707495035
17.251875,13509.512015167,606.66211389414,3085.1126713786,300.10587140646
17.311875,13506.428967904,606.54699759715,3084.1789476006,300.10470608278
17.371875,13507.387369131,606.43022046308,3085.4850371039,300.10353144033
17.431875,13514.452459609,606.31165805084,3085.3221688441,300.10237159058
17.491875,13509.392653104,606.1908586299,3085.1770276845,300.10124273402
17.551875,13514.145039576,606.06885151341,3085.9006100704,300.10010470441
17.611875,13519.314056252,605.94534726786,3085.3909719048,300.09898876071
17.671875,13514.078831705,605.81886406072,3086.0570538802,300.09789276856
17.731875,13520.903124773,605.6909845615,3086.5509124214,300.09679231307
17.791875,13523.348096399,605.56221722176,3085.3131877797,300.09572009851
17.851875,13519.298363733,605.42991715903,3086.8166380595,300.09465560594
17.911875,13527.506255427,605.29635997299,3087.075434111,300.09359242565
17.971875,13526.075340527,605.16138806454,3085.8176390059,300.09256217233
18.031875,13525.981652655,605.0237653985,3087.4829844786,300.09152821737
18.091875,13534.348028355,604.88488483002,3087.4966750925,300.09050263711
18.151875,13529.681026204,604.74316941934,3087.0234953877,300.08950753694
18.211875,13534.141063275,604.6000731109,3088.0381183463,300.08850421252
18.271875,13541.12733271,604.45580770505,3087.7867890442,300.08751659405
18.331875,13535.773977853,604.30760474111,3088.1224421304,300.0865513926
18.391875,13542.839767229,604.15816970691,3088.7853835842,300.0855804011
18.451875,13547.558777648,604.00816996351,3087.9388832544,300.08463076187
18.511875,13543.093024386,603.85340734682,3089.1120863024,300.08369389355
18.571875,13551.888366282,603.69773062881,3089.5464062973,300.08275544591
18.631875,13552.84267563,603.54086760201,3087.9854449301,300.081842976
18.691875,13551.875244229,603.37997254439,3090.0161949744,300.0809337394
18.751875,13561.530963631,603.218587152,3090.216347596,300.08002761221
18.811875,13557.784173333,603.05361192852,3089.4333992046,300.07914912744
18.871875,13561.572858438,602.88670784849,3090.8168363006,300.07826626211
18.931875,13570.466463424,602.71943254535,3090.7604326621,300.07739263979
18.991875,13564.888911598,602.54672445326,3090.7823645561,300.07654271062
19.051875,13572.251219788,602.37321979908,3091.6262978323,300.07568672225
19.111875,13579.303181452,602.19951401005,3091.1757251598,300.07484587651
19.171875,13574.500827578,602.01941085324,3092.0395334207,300.07402149711
19.231875,13584.131189502,601.83922076596,3092.6653459987,300.07319376072
19.291875,13587.649794896,601.65772503536,3091.4626276713,300.07238509048
19.351875,13586.224600048,601.47069500558,3093.2270246279,300.07158590253
19.411875,13597.214684324,601.28432943564,3093.6284802741,300.07078615579
19.471875,13595.35906945,601.09332867512,3092.5600782278,300.07000850116
19.531875,13598.366702541,600.8994822653,3094.3174038056,300.0692330461
19.591875,13609.249300127,600.70658176748,3094.4707784904,300.06846094876
19.651875,13603.883110503,600.50612811049,3094.2023573195,300.06771163049
19.711875,13611.219744524,600.30542718241,3095.3056078207,300.06695866709
19.771875,13620.573576158,600.10502213166,3095.1900739954,300.06621449222
19.831875,13615.395316451,599.89594964647,3095.770091311,300.0654894237
19.891875,13626.252814266,599.68862673747,3096.6113977773,300.06476011589
19.951875,13632.032283774,599.47893642903,3095.7969930164,300.06404349096
20.011875,13630.619132735,599.26229262868,3097.2952499256,300.06334126354
20.071875,13643.142852911,599.04818159068,3097.9186546276,300.06263614516
20.131875,13643.671484389,598.82744996051,3096.5900933024,300.06194641389
20.191875,13646.416383345,598.6032363433,3098.7327030277,300.06126588603
20.251875,13659.23774064,598.38155024502,3099.111948028,300.06058438768
20.311875,13655.504972185,598.14966514949,3098.5875015226,300.05992149439
20.371875,13662.654422459,597.91830334641,3100.0890595688,300.05926112809
20.431875,13674.017327297,597.68739963824,3100.1902723039,300.05860298559
20.491875,13669.417018395,597.44535145357,3100.5301881679,300.05796479417
20.551875,13681.371346181,597.20767047824,3101.6139056753,300.05732392957
20.611875,13688.737352666,596.96518525833,3101.1733228172,300.05668894558
20.671875,13687.655104565,596.71472150905,3102.4493235496,300.05607240123
20.731875,13701.845681295,596.46942904773,3103.3170973022,300.05545142582
20.791875,13704.605321207,596.21420672646,3102.0806731165,300.05483966903
20.851875,13707.896996481,595.955892596,3104.3060405947,300.0542427504
20.911875,13722.212700343,595.70112256369,3104.9197685444,300.05364192027
20.971875,13721.665476195,595.43341462695,3104.1875482913,300.05305376778
21.031875,13729.701121303,595.16807176476,3106.1188876241,300.05247557481
21.091875,13742.01665883,594.90142649354,3106.4296430334,300.05189419062
21.151875,13741.219996207,594.62280869278,3106.6067791696,300.05133017427
21.211875,13753.19964916,594.35003878119,3107.9455739259,300.05076916204
21.271875,13761.482325484,594.0692217029,3107.8638282464,300.05020684665
21.331875,13762.507645142,593.78101863269,3108.9916373231,300.04966501765
21.391875,13776.895071364,593.49886244205,3110.1051814316,300.04911988293
21.451875,13782.098935707,593.20391503181,3109.2484847732,300.04857753723
21.511875,13787.180823741,592.90769846397,3111.3585876104,300.04805469853
21.571875,13801.465714963,592.61329618657,3112.1912799937,300.04752550444
21.631875,13806.359257214,592.30576723332,3111.348769837,300.04700412513
21.691875,13815.762337746,592.00158641381,3113.726713178,300.04649816958
21.751875,13826.984008124,591.69194446572,3114.2192626851,300.04598506397
21.811875,13833.613449449,591.37351858951,3114.3419890383,300.04548502706
21.871875,13844.803961661,591.05876789795,3116.036902589,300.0449943787
21.931875,13853.91024946,590.73372643998,3116.214897946,300.04449764389
21.991875,13862.252364127,590.40525575969,3117.3243635967,300.04401859202
22.051875,13873.539570462,590.07723891858,3118.6420636581,300.04354182599
22.111875,13883.574981764,589.73846796663,3118.2250221123,300.04306226278
22.171875,13893.026276379,589.39964306121,3120.3156651369,300.04260284134
22.231875,13902.813281069,589.05565690855,3121.3101918585,300.04213865097
22.291875,13916.451530273,588.70526042212,3120.4995672796,300.0416773291
22.351875,13925.568262171,588.35367234686,3123.2833745676,300.04123420072
22.411875,13935.063317575,587.99350885361,3123.9787938412,300.04078284588
22.471875,13952.084264785,587.63217070061,3124.1884113551,300.04033998643
22.531875,13960.184422546,587.26534933438,3126.2252292642,300.03991049791
22.591875,13972.47759384,586.89094501667,3126.7084324659,300.0394735994
22.651875,13991.042651556,586.51745787698,3127.9155063341,300.03904862562
22.711875,13996.511615747,586.13252137324,3129.3821725237,300.03863126521
22.771875,14014.88936586,585.74654936663,3129.5168832134,300.03820986911
22.831875,14031.038283909,585.3572289698,3131.6373729766,300.03780155481
22.891875,14036.011155151,584.95471560954,3132.8195874982,300.03739622271
22.951875,14060.331704936,584.55754059299,3132.3827482839,300.0369901118
23.011875,14071.268637603,584.14893692759,3135.3505474976,300.03659737637
23.071875,14081.522354093,583.73253177021,3136.3762476105,300.03620456527
23.131875,14108.694010663,583.32141937333,3136.7695993448,300.03581299119
23.191875,14113.188688977,582.89114499532,3139.0906460183,300.03543447743
23.251875,14132.397294953,582.46365352772,3140.0491937517,300.03505432274
23.311875,14157.848276881,582.03394244489,3141.3597382936,300.03467651429
23.371875,14161.342396518,581.58485141301,3143.0785342393,300.03431120121
23.431875,14188.185437267,581.1448818544,3143.8261234952,300.0339433535
23.491875,14208.470872553,580.6924103773,3145.9816134269,300.03357872827
23.551875,14219.128084763,580.22991911903,3147.6127815954,300.03322640815
23.611875,14248.209890267,579.77236635606,3147.6950679732,300.03287031834
23.671875,14263.711246253,579.2963090552,3150.7113231589,300.03251878753
23.731875,14282.316089707,578.82040563697,3152.2776851298,300.03217868705
23.791875,14309.177298368,578.33998542941,3152.7671986064,300.03183375551
23.851875,14326.766462522,577.8451842873,3155.6305812008,300.03149626384
23.911875,14349.607889897,577.35189979839,3157.0622355182,300.03116733293
23.971875,14372.130398527,576.84509707701,3158.4109677517,300.03083295229
24.031875,14394.96482633,576.3338773351,3160.7672252686,300.03050972908
24.091875,14416.967958071,575.81686951048,3161.8892935417,300.03019059809
24.151875,14441.760351195,575.28808779991,3164.2433584022,300.02986761026
24.211875,14467.133938659,574.75774385534,3166.4796846394,300.02955781799
24.271875,14484.867709899,574.21158911858,3166.7822952402,300.02924742832
24.331875,14518.251465274,573.66590985118,3170.2899060152,300.02893659153
24.391875,14539.717358435,573.10874690304,3172.2649861044,300.02863845236
24.451875,14559.806098423,572.53766275272,3172.9046708573,300.02833743998
24.511875,14599.054547851,571.97245374039,3176.5172195526,300.02803833082
24.571875,14612.925639552,571.38194830005,3178.1337894902,300.02774998732
24.631875,14644.174045227,570.79331722192,3179.9864717931,300.0274593952
24.691875,14680.63274725,570.19865846336,3182.8896182142,300.02717067058
24.751875,14696.088030344,569.58123400345,3184.2790446496,300.02689223456
24.811875,14734.625865174,568.97079436025,3187.2993172968,300.02661158553
24.871875,14763.082148985,568.33916080665,3189.8415025675,300.02633227711
24.931875,14789.745099835,567.70262191795,3190.7320960498,300.02606414762
24.991875,14825.48595276,567.05839638873,3194.7330659992,300.02579220184
25,14830.302082288,566.9708291441,3195.1302158395,300.02575524417
